port_month_id,month_start,port_id,congestion_index,congestion_level,avg_vessel_wait_hours,berth_utilization_pct,customs_clearance_avg_days,strike_flag
P001-2024-01,2024-01-01,P001,26,Low,5.1,65.6,1.27,N
P001-2024-02,2024-02-01,P001,13,Low,5.3,55.8,0.89,N
P001-2024-03,2024-03-01,P001,27,Low,7.6,58.0,0.94,N
P001-2024-04,2024-04-01,P001,28,Low,7.9,63.1,0.73,N
P001-2024-05,2024-05-01,P001,20,Low,2.2,56.2,0.74,N
P001-2024-06,2024-06-01,P001,41,Low,5.4,69.5,0.76,N
P001-2024-07,2024-07-01,P001,37,Low,9.2,74.3,1.23,N
P001-2024-08,2024-08-01,P001,29,Low,3.3,61.8,1.08,N
P001-2024-09,2024-09-01,P001,50,Medium,10.4,73.4,1.48,N
P001-2024-10,2024-10-01,P001,30,Low,5.6,60.9,0.9,N
P001-2024-11,2024-11-01,P001,40,Low,10.1,69.2,0.97,N
P001-2024-12,2024-12-01,P001,29,Low,10.3,59.7,1.04,N
P001-2025-01,2025-01-01,P001,24,Low,6.5,65.5,0.87,N
P001-2025-02,2025-02-01,P001,33,Low,4.0,65.5,1.35,N
P001-2025-03,2025-03-01,P001,12,Low,6.4,52.0,1.13,N
P001-2025-04,2025-04-01,P001,28,Low,6.3,65.7,0.91,N
P001-2025-05,2025-05-01,P001,14,Low,2.9,53.2,0.6,N
P001-2025-06,2025-06-01,P001,25,Low,6.7,65.4,1.17,N
P001-2025-07,2025-07-01,P001,21,Low,8.1,64.6,0.92,N
P001-2025-08,2025-08-01,P001,56,Medium,10.0,79.0,1.42,N
P001-2025-09,2025-09-01,P001,47,Medium,10.2,77.5,1.6,N
P001-2025-10,2025-10-01,P001,24,Low,4.2,62.4,1.35,N
P001-2025-11,2025-11-01,P001,22,Low,4.8,53.4,0.63,N
P001-2025-12,2025-12-01,P001,33,Low,8.1,69.7,1.01,N
P002-2024-01,2024-01-01,P002,26,Low,9.1,68.5,0.89,N
P002-2024-02,2024-02-01,P002,29,Low,8.6,67.2,1.28,N
P002-2024-03,2024-03-01,P002,32,Low,7.7,58.5,1.14,N
P002-2024-04,2024-04-01,P002,22,Low,5.6,63.1,0.72,N
P002-2024-05,2024-05-01,P002,37,Low,11.2,64.8,1.61,N
P002-2024-06,2024-06-01,P002,29,Low,5.4,59.9,1.31,N
P002-2024-07,2024-07-01,P002,38,Low,6.1,70.1,0.89,N
P002-2024-08,2024-08-01,P002,50,Medium,9.5,74.7,1.57,N
P002-2024-09,2024-09-01,P002,56,Medium,15.2,83.0,1.21,N
P002-2024-10,2024-10-01,P002,38,Low,8.8,67.6,1.23,N
P002-2024-11,2024-11-01,P002,49,Medium,11.7,75.0,1.06,N
P002-2024-12,2024-12-01,P002,36,Low,11.7,70.9,1.03,N
P002-2025-01,2025-01-01,P002,42,Low,8.5,71.2,1.57,N
P002-2025-02,2025-02-01,P002,18,Low,4.3,64.2,1.16,N
P002-2025-03,2025-03-01,P002,23,Low,6.0,60.3,1.13,N
P002-2025-04,2025-04-01,P002,37,Low,8.1,63.1,0.88,N
P002-2025-05,2025-05-01,P002,15,Low,2.7,63.2,0.72,N
P002-2025-06,2025-06-01,P002,42,Low,8.9,61.4,1.28,N
P002-2025-07,2025-07-01,P002,50,Medium,13.8,80.1,1.69,N
P002-2025-08,2025-08-01,P002,58,Medium,13.7,80.3,1.5,N
P002-2025-09,2025-09-01,P002,59,Medium,11.6,82.3,1.6,N
P002-2025-10,2025-10-01,P002,23,Low,5.8,60.8,1.43,N
P002-2025-11,2025-11-01,P002,34,Low,11.5,67.3,1.41,N
P002-2025-12,2025-12-01,P002,16,Low,3.9,46.6,1.01,N
P003-2024-01,2024-01-01,P003,28,Low,4.8,72.9,1.09,N
P003-2024-02,2024-02-01,P003,24,Low,3.6,59.2,1.05,N
P003-2024-03,2024-03-01,P003,26,Low,6.2,65.6,1.2,N
P003-2024-04,2024-04-01,P003,22,Low,7.1,57.4,0.32,N
P003-2024-05,2024-05-01,P003,21,Low,7.1,63.6,0.97,N
P003-2024-06,2024-06-01,P003,40,Low,4.3,65.7,1.0,N
P003-2024-07,2024-07-01,P003,47,Medium,12.3,67.1,1.23,N
P003-2024-08,2024-08-01,P003,35,Low,10.9,63.8,1.56,N
P003-2024-09,2024-09-01,P003,35,Low,5.9,67.3,1.4,N
P003-2024-10,2024-10-01,P003,37,Low,11.2,65.3,1.16,N
P003-2024-11,2024-11-01,P003,35,Low,10.4,66.5,1.45,N
P003-2024-12,2024-12-01,P003,31,Low,9.5,63.7,1.16,N
P003-2025-01,2025-01-01,P003,26,Low,4.6,52.4,0.97,N
P003-2025-02,2025-02-01,P003,23,Low,6.5,60.8,0.65,N
P003-2025-03,2025-03-01,P003,24,Low,5.0,61.6,1.0,N
P003-2025-04,2025-04-01,P003,32,Low,6.4,62.4,1.11,N
P003-2025-05,2025-05-01,P003,18,Low,6.5,55.6,0.99,N
P003-2025-06,2025-06-01,P003,31,Low,5.2,60.6,1.12,N
P003-2025-07,2025-07-01,P003,34,Low,11.2,74.6,1.32,N
P003-2025-08,2025-08-01,P003,35,Low,10.9,71.8,1.16,N
P003-2025-09,2025-09-01,P003,41,Low,9.2,65.3,1.0,N
P003-2025-10,2025-10-01,P003,18,Low,8.5,56.9,0.96,N
P003-2025-11,2025-11-01,P003,25,Low,3.8,55.9,0.83,N
P003-2025-12,2025-12-01,P003,22,Low,9.1,56.6,1.12,N
P004-2024-01,2024-01-01,P004,33,Low,8.1,58.6,1.25,N
P004-2024-02,2024-02-01,P004,28,Low,6.0,64.8,1.01,N
P004-2024-03,2024-03-01,P004,31,Low,6.7,66.7,0.99,N
P004-2024-04,2024-04-01,P004,31,Low,6.2,60.8,1.31,N
P004-2024-05,2024-05-01,P004,31,Low,5.5,66.7,1.1,N
P004-2024-06,2024-06-01,P004,28,Low,9.2,65.1,1.23,N
P004-2024-07,2024-07-01,P004,36,Low,10.8,66.0,0.95,N
P004-2024-08,2024-08-01,P004,40,Low,9.2,73.5,1.5,N
P004-2024-09,2024-09-01,P004,24,Low,9.1,61.6,1.15,N
P004-2024-10,2024-10-01,P004,32,Low,7.0,64.3,1.19,N
P004-2024-11,2024-11-01,P004,42,Low,9.8,77.5,1.23,N
P004-2024-12,2024-12-01,P004,45,Medium,4.9,74.8,1.25,N
P004-2025-01,2025-01-01,P004,35,Low,4.0,60.7,1.23,N
P004-2025-02,2025-02-01,P004,48,Medium,13.6,74.5,1.2,N
P004-2025-03,2025-03-01,P004,27,Low,6.9,66.1,0.78,N
P004-2025-04,2025-04-01,P004,37,Low,10.2,69.8,1.32,N
P004-2025-05,2025-05-01,P004,41,Low,11.1,69.7,0.82,N
P004-2025-06,2025-06-01,P004,50,Medium,13.5,71.6,1.85,N
P004-2025-07,2025-07-01,P004,24,Low,5.4,63.5,1.17,N
P004-2025-08,2025-08-01,P004,26,Low,5.9,66.4,0.93,N
P004-2025-09,2025-09-01,P004,24,Low,6.7,59.3,1.21,N
P004-2025-10,2025-10-01,P004,31,Low,9.3,72.1,1.17,N
P004-2025-11,2025-11-01,P004,41,Low,8.6,65.5,1.35,N
P004-2025-12,2025-12-01,P004,40,Low,10.0,64.9,1.32,N
P005-2024-01,2024-01-01,P005,35,Low,8.2,66.3,0.7,N
P005-2024-02,2024-02-01,P005,37,Low,9.2,71.4,1.61,N
P005-2024-03,2024-03-01,P005,38,Low,6.1,74.4,1.17,N
P005-2024-04,2024-04-01,P005,28,Low,6.4,66.6,1.44,N
P005-2024-05,2024-05-01,P005,31,Low,10.8,64.6,1.41,N
P005-2024-06,2024-06-01,P005,27,Low,7.4,58.1,1.15,N
P005-2024-07,2024-07-01,P005,41,Low,10.0,73.6,1.27,N
P005-2024-08,2024-08-01,P005,41,Low,9.8,65.0,1.58,N
P005-2024-09,2024-09-01,P005,30,Low,3.0,58.3,1.42,N
P005-2024-10,2024-10-01,P005,31,Low,9.8,70.6,1.25,N
P005-2024-11,2024-11-01,P005,37,Low,5.6,71.9,1.17,N
P005-2024-12,2024-12-01,P005,33,Low,7.8,65.1,1.21,N
P005-2025-01,2025-01-01,P005,30,Low,9.6,63.7,1.69,N
P005-2025-02,2025-02-01,P005,31,Low,6.9,63.0,0.79,N
P005-2025-03,2025-03-01,P005,37,Low,7.9,64.5,1.34,N
P005-2025-04,2025-04-01,P005,29,Low,5.8,67.5,1.32,N
P005-2025-05,2025-05-01,P005,44,Low,11.8,76.9,2.03,N
P005-2025-06,2025-06-01,P005,26,Low,8.6,62.4,1.3,N
P005-2025-07,2025-07-01,P005,31,Low,10.7,73.1,1.62,N
P005-2025-08,2025-08-01,P005,35,Low,9.4,66.1,0.92,N
P005-2025-09,2025-09-01,P005,32,Low,3.9,67.3,0.69,N
P005-2025-10,2025-10-01,P005,44,Low,14.3,73.5,1.49,N
P005-2025-11,2025-11-01,P005,43,Low,12.4,74.0,1.03,N
P005-2025-12,2025-12-01,P005,42,Low,6.1,71.3,1.47,N
P006-2024-01,2024-01-01,P006,44,Low,14.1,71.4,1.55,N
P006-2024-02,2024-02-01,P006,28,Low,9.9,49.5,0.83,N
P006-2024-03,2024-03-01,P006,24,Low,8.9,59.9,1.17,N
P006-2024-04,2024-04-01,P006,27,Low,4.3,58.8,1.02,N
P006-2024-05,2024-05-01,P006,38,Low,6.0,64.4,0.9,N
P006-2024-06,2024-06-01,P006,35,Low,6.4,69.1,1.07,N
P006-2024-07,2024-07-01,P006,29,Low,7.5,61.9,0.9,N
P006-2024-08,2024-08-01,P006,29,Low,8.4,69.7,1.17,N
P006-2024-09,2024-09-01,P006,24,Low,5.0,62.0,1.13,N
P006-2024-10,2024-10-01,P006,33,Low,7.0,63.1,1.27,N
P006-2024-11,2024-11-01,P006,36,Low,7.2,67.7,1.17,N
P006-2024-12,2024-12-01,P006,38,Low,9.6,69.0,1.37,N
P006-2025-01,2025-01-01,P006,36,Low,6.8,66.8,1.72,N
P006-2025-02,2025-02-01,P006,24,Low,2.1,62.6,1.11,N
P006-2025-03,2025-03-01,P006,25,Low,7.8,68.6,0.89,N
P006-2025-04,2025-04-01,P006,35,Low,8.3,73.1,1.14,N
P006-2025-05,2025-05-01,P006,26,Low,5.5,62.9,0.99,N
P006-2025-06,2025-06-01,P006,19,Low,5.4,61.8,0.43,N
P006-2025-07,2025-07-01,P006,21,Low,4.6,55.4,0.53,N
P006-2025-08,2025-08-01,P006,17,Low,6.3,56.3,0.75,N
P006-2025-09,2025-09-01,P006,24,Low,6.1,62.8,0.88,N
P006-2025-10,2025-10-01,P006,18,Low,5.0,55.3,0.96,N
P006-2025-11,2025-11-01,P006,36,Low,13.8,70.6,1.11,N
P006-2025-12,2025-12-01,P006,31,Low,11.6,72.9,0.72,N
P007-2024-01,2024-01-01,P007,46,Medium,12.8,75.0,1.38,N
P007-2024-02,2024-02-01,P007,48,Medium,11.9,74.5,1.41,N
P007-2024-03,2024-03-01,P007,34,Low,10.4,62.3,1.02,N
P007-2024-04,2024-04-01,P007,31,Low,12.8,69.3,1.09,N
P007-2024-05,2024-05-01,P007,24,Low,3.0,56.0,1.35,N
P007-2024-06,2024-06-01,P007,13,Low,5.5,54.9,0.86,N
P007-2024-07,2024-07-01,P007,25,Low,6.2,62.5,0.73,N
P007-2024-08,2024-08-01,P007,8,Low,3.3,46.4,1.01,N
P007-2024-09,2024-09-01,P007,29,Low,5.7,68.0,1.23,N
P007-2024-10,2024-10-01,P007,35,Low,5.8,66.4,1.68,N
P007-2024-11,2024-11-01,P007,35,Low,7.8,64.7,1.06,N
P007-2024-12,2024-12-01,P007,39,Low,5.6,72.4,1.16,N
P007-2025-01,2025-01-01,P007,27,Low,6.6,66.1,0.92,N
P007-2025-02,2025-02-01,P007,34,Low,8.9,68.8,1.28,N
P007-2025-03,2025-03-01,P007,15,Low,4.7,56.5,1.17,N
P007-2025-04,2025-04-01,P007,19,Low,7.7,55.5,1.01,N
P007-2025-05,2025-05-01,P007,30,Low,8.1,67.9,1.31,N
P007-2025-06,2025-06-01,P007,23,Low,6.2,66.6,0.6,N
P007-2025-07,2025-07-01,P007,16,Low,6.3,51.6,0.82,N
P007-2025-08,2025-08-01,P007,25,Low,6.6,62.9,0.65,N
P007-2025-09,2025-09-01,P007,18,Low,6.7,51.5,1.01,N
P007-2025-10,2025-10-01,P007,26,Low,5.1,64.1,0.2,N
P007-2025-11,2025-11-01,P007,21,Low,4.8,56.3,1.09,N
P007-2025-12,2025-12-01,P007,36,Low,10.9,69.1,1.56,N
P008-2024-01,2024-01-01,P008,51,Medium,13.6,78.4,1.42,N
P008-2024-02,2024-02-01,P008,41,Low,8.5,67.2,1.23,N
P008-2024-03,2024-03-01,P008,41,Low,6.8,71.4,1.16,N
P008-2024-04,2024-04-01,P008,37,Low,9.4,68.3,1.06,N
P008-2024-05,2024-05-01,P008,40,Low,10.0,77.2,1.36,N
P008-2024-06,2024-06-01,P008,30,Low,9.6,64.7,1.0,N
P008-2024-07,2024-07-01,P008,21,Low,2.1,55.4,1.04,N
P008-2024-08,2024-08-01,P008,39,Low,7.1,74.7,1.37,N
P008-2024-09,2024-09-01,P008,35,Low,9.9,73.3,1.16,N
P008-2024-10,2024-10-01,P008,29,Low,11.5,65.7,1.35,N
P008-2024-11,2024-11-01,P008,31,Low,5.1,61.9,1.07,N
P008-2024-12,2024-12-01,P008,30,Low,5.6,71.5,1.1,N
P008-2025-01,2025-01-01,P008,44,Low,8.6,64.3,1.1,N
P008-2025-02,2025-02-01,P008,37,Low,8.6,70.9,1.48,N
P008-2025-03,2025-03-01,P008,10,Low,3.7,50.1,0.86,N
P008-2025-04,2025-04-01,P008,39,Low,9.4,69.0,1.4,N
P008-2025-05,2025-05-01,P008,21,Low,7.0,60.4,0.6,N
P008-2025-06,2025-06-01,P008,25,Low,10.8,55.1,1.45,N
P008-2025-07,2025-07-01,P008,26,Low,8.3,63.1,0.81,N
P008-2025-08,2025-08-01,P008,34,Low,10.5,70.9,1.48,N
P008-2025-09,2025-09-01,P008,18,Low,8.3,58.1,0.67,N
P008-2025-10,2025-10-01,P008,36,Low,8.7,69.0,1.48,N
P008-2025-11,2025-11-01,P008,37,Low,7.4,70.1,1.12,N
P008-2025-12,2025-12-01,P008,29,Low,8.3,60.4,1.47,N
P009-2024-01,2024-01-01,P009,38,Low,9.8,69.2,1.19,N
P009-2024-02,2024-02-01,P009,40,Low,8.4,73.4,0.92,N
P009-2024-03,2024-03-01,P009,39,Low,11.7,71.3,0.6,N
P009-2024-04,2024-04-01,P009,66,Medium,15.2,83.8,1.63,N
P009-2024-05,2024-05-01,P009,48,Medium,12.4,71.1,1.08,N
P009-2024-06,2024-06-01,P009,47,Medium,5.1,72.4,1.34,N
P009-2024-07,2024-07-01,P009,52,Medium,10.3,78.4,1.76,N
P009-2024-08,2024-08-01,P009,50,Medium,11.5,75.7,1.4,N
P009-2024-09,2024-09-01,P009,60,Medium,11.2,85.7,1.76,N
P009-2024-10,2024-10-01,P009,57,Medium,16.6,79.0,1.29,N
P009-2024-11,2024-11-01,P009,34,Low,11.2,67.2,0.99,N
P009-2024-12,2024-12-01,P009,51,Medium,8.2,78.3,1.27,N
P009-2025-01,2025-01-01,P009,35,Low,6.9,63.8,0.94,N
P009-2025-02,2025-02-01,P009,41,Low,6.6,68.5,0.95,N
P009-2025-03,2025-03-01,P009,54,Medium,13.7,75.5,1.45,Y
P009-2025-04,2025-04-01,P009,64,Medium,10.4,84.8,1.79,Y
P009-2025-05,2025-05-01,P009,36,Low,6.8,71.7,0.91,N
P009-2025-06,2025-06-01,P009,40,Low,8.0,75.5,1.24,N
P009-2025-07,2025-07-01,P009,58,Medium,13.7,80.4,1.82,N
P009-2025-08,2025-08-01,P009,63,Medium,13.5,83.9,1.45,N
P009-2025-09,2025-09-01,P009,69,Medium,15.0,91.6,1.7,N
P009-2025-10,2025-10-01,P009,39,Low,9.3,73.3,1.71,N
P009-2025-11,2025-11-01,P009,40,Low,7.8,69.4,1.64,N
P009-2025-12,2025-12-01,P009,34,Low,4.9,70.1,0.88,N
P010-2024-01,2024-01-01,P010,45,Medium,10.9,72.5,1.44,N
P010-2024-02,2024-02-01,P010,41,Low,8.2,70.8,1.47,N
P010-2024-03,2024-03-01,P010,44,Low,6.6,70.7,1.21,N
P010-2024-04,2024-04-01,P010,54,Medium,11.7,79.3,1.14,N
P010-2024-05,2024-05-01,P010,49,Medium,13.6,74.3,1.8,N
P010-2024-06,2024-06-01,P010,37,Low,4.0,58.4,1.2,N
P010-2024-07,2024-07-01,P010,64,Medium,12.4,88.1,1.81,N
P010-2024-08,2024-08-01,P010,53,Medium,10.2,78.4,1.71,N
P010-2024-09,2024-09-01,P010,60,Medium,12.1,81.9,1.36,N
P010-2024-10,2024-10-01,P010,37,Low,7.6,68.2,1.32,N
P010-2024-11,2024-11-01,P010,58,Medium,11.6,79.8,1.1,N
P010-2024-12,2024-12-01,P010,48,Medium,9.6,77.4,1.49,N
P010-2025-01,2025-01-01,P010,52,Medium,11.9,74.7,1.14,N
P010-2025-02,2025-02-01,P010,46,Medium,8.3,73.1,1.5,N
P010-2025-03,2025-03-01,P010,53,Medium,9.0,83.7,1.62,N
P010-2025-04,2025-04-01,P010,48,Medium,8.1,71.3,1.64,N
P010-2025-05,2025-05-01,P010,36,Low,8.3,68.9,1.39,N
P010-2025-06,2025-06-01,P010,36,Low,9.1,67.8,1.3,N
P010-2025-07,2025-07-01,P010,57,Medium,9.2,77.3,1.12,N
P010-2025-08,2025-08-01,P010,60,Medium,13.4,72.9,1.66,N
P010-2025-09,2025-09-01,P010,63,Medium,11.8,89.1,1.78,N
P010-2025-10,2025-10-01,P010,36,Low,7.9,66.8,1.19,N
P010-2025-11,2025-11-01,P010,50,Medium,12.7,63.1,1.66,N
P010-2025-12,2025-12-01,P010,33,Low,7.4,63.3,1.17,N
P011-2024-01,2024-01-01,P011,51,Medium,13.0,81.4,1.92,N
P011-2024-02,2024-02-01,P011,36,Low,10.4,61.4,1.28,N
P011-2024-03,2024-03-01,P011,56,Medium,11.8,78.6,1.03,N
P011-2024-04,2024-04-01,P011,37,Low,9.5,71.0,1.24,N
P011-2024-05,2024-05-01,P011,42,Low,9.4,71.1,1.38,N
P011-2024-06,2024-06-01,P011,49,Medium,8.9,71.7,1.14,N
P011-2024-07,2024-07-01,P011,45,Medium,10.7,79.0,1.45,N
P011-2024-08,2024-08-01,P011,63,Medium,15.6,80.7,1.5,N
P011-2024-09,2024-09-01,P011,51,Medium,8.4,70.2,1.47,N
P011-2024-10,2024-10-01,P011,38,Low,9.9,60.8,1.34,N
P011-2024-11,2024-11-01,P011,33,Low,5.0,67.8,1.55,N
P011-2024-12,2024-12-01,P011,44,Low,12.1,64.3,1.48,N
P011-2025-01,2025-01-01,P011,47,Medium,10.8,74.6,1.0,N
P011-2025-02,2025-02-01,P011,31,Low,10.5,73.9,1.34,N
P011-2025-03,2025-03-01,P011,47,Medium,5.9,69.6,1.57,N
P011-2025-04,2025-04-01,P011,53,Medium,7.5,76.8,1.22,N
P011-2025-05,2025-05-01,P011,33,Low,10.7,63.2,0.98,N
P011-2025-06,2025-06-01,P011,43,Low,12.8,73.8,1.22,N
P011-2025-07,2025-07-01,P011,50,Medium,12.2,69.4,1.57,N
P011-2025-08,2025-08-01,P011,52,Medium,9.8,76.1,0.69,N
P011-2025-09,2025-09-01,P011,57,Medium,10.6,83.2,1.42,N
P011-2025-10,2025-10-01,P011,44,Low,12.3,71.1,1.61,N
P011-2025-11,2025-11-01,P011,47,Medium,9.3,68.6,1.65,N
P011-2025-12,2025-12-01,P011,34,Low,6.3,67.0,1.25,N
P012-2024-01,2024-01-01,P012,51,Medium,12.0,83.3,1.08,N
P012-2024-02,2024-02-01,P012,43,Low,7.7,77.8,0.93,N
P012-2024-03,2024-03-01,P012,60,Medium,13.5,78.3,1.47,N
P012-2024-04,2024-04-01,P012,74,Medium,17.0,89.3,2.01,N
P012-2024-05,2024-05-01,P012,69,Medium,15.6,85.1,1.37,N
P012-2024-06,2024-06-01,P012,53,Medium,5.0,76.2,1.25,N
P012-2024-07,2024-07-01,P012,68,Medium,14.3,86.3,1.45,N
P012-2024-08,2024-08-01,P012,75,High,14.4,84.1,1.94,N
P012-2024-09,2024-09-01,P012,65,Medium,11.4,87.4,1.55,N
P012-2024-10,2024-10-01,P012,52,Medium,9.1,69.3,1.22,N
P012-2024-11,2024-11-01,P012,63,Medium,10.6,74.3,1.66,N
P012-2024-12,2024-12-01,P012,60,Medium,14.0,82.2,1.9,N
P012-2025-01,2025-01-01,P012,65,Medium,14.1,85.8,1.88,N
P012-2025-02,2025-02-01,P012,65,Medium,16.4,80.3,2.0,N
P012-2025-03,2025-03-01,P012,71,Medium,14.8,81.9,1.76,N
P012-2025-04,2025-04-01,P012,48,Medium,10.4,71.6,1.23,N
P012-2025-05,2025-05-01,P012,59,Medium,10.9,69.6,1.08,N
P012-2025-06,2025-06-01,P012,57,Medium,9.4,78.6,1.75,N
P012-2025-07,2025-07-01,P012,76,High,17.4,85.6,1.29,N
P012-2025-08,2025-08-01,P012,67,Medium,14.6,82.1,1.85,N
P012-2025-09,2025-09-01,P012,66,Medium,13.6,86.4,1.71,N
P012-2025-10,2025-10-01,P012,59,Medium,11.2,76.3,1.27,N
P012-2025-11,2025-11-01,P012,51,Medium,9.5,73.2,1.78,N
P012-2025-12,2025-12-01,P012,57,Medium,11.7,76.2,1.46,N
P013-2024-01,2024-01-01,P013,46,Medium,10.5,76.0,1.12,N
P013-2024-02,2024-02-01,P013,32,Low,8.5,61.4,1.38,N
P013-2024-03,2024-03-01,P013,24,Low,8.8,64.0,0.73,N
P013-2024-04,2024-04-01,P013,28,Low,5.8,61.4,0.64,N
P013-2024-05,2024-05-01,P013,32,Low,8.2,68.7,1.35,N
P013-2024-06,2024-06-01,P013,29,Low,8.5,62.9,1.17,N
P013-2024-07,2024-07-01,P013,31,Low,4.8,62.0,1.24,N
P013-2024-08,2024-08-01,P013,32,Low,9.8,62.3,1.2,N
P013-2024-09,2024-09-01,P013,16,Low,4.6,61.2,0.8,N
P013-2024-10,2024-10-01,P013,22,Low,4.8,59.3,0.95,N
P013-2024-11,2024-11-01,P013,34,Low,6.7,62.8,1.19,N
P013-2024-12,2024-12-01,P013,44,Low,8.4,73.4,1.56,N
P013-2025-01,2025-01-01,P013,31,Low,8.0,67.7,0.9,N
P013-2025-02,2025-02-01,P013,35,Low,8.8,69.6,1.41,N
P013-2025-03,2025-03-01,P013,52,Medium,13.9,75.2,1.65,Y
P013-2025-04,2025-04-01,P013,35,Low,3.7,64.2,1.02,Y
P013-2025-05,2025-05-01,P013,30,Low,4.7,66.4,1.5,N
P013-2025-06,2025-06-01,P013,23,Low,5.1,58.3,1.3,N
P013-2025-07,2025-07-01,P013,14,Low,5.6,64.0,1.02,N
P013-2025-08,2025-08-01,P013,27,Low,5.9,60.5,1.39,N
P013-2025-09,2025-09-01,P013,23,Low,7.7,54.5,0.45,N
P013-2025-10,2025-10-01,P013,9,Low,1.9,50.3,0.51,N
P013-2025-11,2025-11-01,P013,35,Low,9.4,67.5,1.17,N
P013-2025-12,2025-12-01,P013,35,Low,14.6,63.9,1.21,N
P014-2024-01,2024-01-01,P014,51,Medium,6.8,76.0,1.82,N
P014-2024-02,2024-02-01,P014,55,Medium,12.2,81.0,1.55,N
P014-2024-03,2024-03-01,P014,52,Medium,9.1,71.3,1.39,N
P014-2024-04,2024-04-01,P014,32,Low,2.4,70.0,1.15,N
P014-2024-05,2024-05-01,P014,56,Medium,11.1,77.2,1.33,N
P014-2024-06,2024-06-01,P014,44,Low,12.5,76.6,1.7,N
P014-2024-07,2024-07-01,P014,52,Medium,12.1,72.2,1.22,N
P014-2024-08,2024-08-01,P014,38,Low,6.3,69.6,1.11,N
P014-2024-09,2024-09-01,P014,59,Medium,6.9,82.1,1.86,N
P014-2024-10,2024-10-01,P014,43,Low,11.0,76.7,1.77,N
P014-2024-11,2024-11-01,P014,46,Medium,10.2,74.8,1.2,N
P014-2024-12,2024-12-01,P014,55,Medium,10.2,77.2,1.34,N
P014-2025-01,2025-01-01,P014,48,Medium,10.3,71.0,1.5,N
P014-2025-02,2025-02-01,P014,39,Low,11.9,70.6,1.41,N
P014-2025-03,2025-03-01,P014,50,Medium,13.4,74.8,1.62,N
P014-2025-04,2025-04-01,P014,65,Medium,14.7,79.2,2.14,N
P014-2025-05,2025-05-01,P014,33,Low,7.1,68.0,1.28,N
P014-2025-06,2025-06-01,P014,30,Low,7.9,67.3,0.88,N
P014-2025-07,2025-07-01,P014,59,Medium,12.9,72.9,1.46,N
P014-2025-08,2025-08-01,P014,35,Low,8.9,75.5,1.13,N
P014-2025-09,2025-09-01,P014,51,Medium,8.9,79.8,1.54,N
P014-2025-10,2025-10-01,P014,54,Medium,8.0,70.4,1.52,N
P014-2025-11,2025-11-01,P014,41,Low,11.8,65.3,1.04,N
P014-2025-12,2025-12-01,P014,46,Medium,11.3,73.7,1.57,N
P015-2024-01,2024-01-01,P015,49,Medium,9.8,73.4,1.72,N
P015-2024-02,2024-02-01,P015,53,Medium,12.7,70.9,1.42,N
P015-2024-03,2024-03-01,P015,41,Low,6.1,75.3,1.49,N
P015-2024-04,2024-04-01,P015,45,Medium,7.7,74.6,0.83,N
P015-2024-05,2024-05-01,P015,32,Low,8.0,66.1,0.9,N
P015-2024-06,2024-06-01,P015,45,Medium,14.4,77.2,1.22,N
P015-2024-07,2024-07-01,P015,46,Medium,9.0,71.7,1.31,N
P015-2024-08,2024-08-01,P015,49,Medium,9.7,69.3,0.79,N
P015-2024-09,2024-09-01,P015,48,Medium,6.2,79.8,1.14,N
P015-2024-10,2024-10-01,P015,39,Low,3.9,72.9,1.5,N
P015-2024-11,2024-11-01,P015,36,Low,6.3,55.0,1.04,N
P015-2024-12,2024-12-01,P015,52,Medium,16.2,78.0,1.79,N
P015-2025-01,2025-01-01,P015,44,Low,9.1,63.0,1.05,N
P015-2025-02,2025-02-01,P015,44,Low,10.2,62.1,1.26,N
P015-2025-03,2025-03-01,P015,46,Medium,11.6,75.0,1.32,N
P015-2025-04,2025-04-01,P015,46,Medium,10.0,69.3,1.59,N
P015-2025-05,2025-05-01,P015,47,Medium,6.3,75.6,1.59,N
P015-2025-06,2025-06-01,P015,53,Medium,13.1,77.8,1.63,N
P015-2025-07,2025-07-01,P015,36,Low,8.7,65.7,1.05,N
P015-2025-08,2025-08-01,P015,45,Medium,7.1,71.3,1.26,N
P015-2025-09,2025-09-01,P015,39,Low,11.3,76.9,0.8,N
P015-2025-10,2025-10-01,P015,43,Low,9.4,73.8,1.48,N
P015-2025-11,2025-11-01,P015,42,Low,11.4,66.1,0.82,N
P015-2025-12,2025-12-01,P015,32,Low,7.1,65.9,0.98,N
P016-2024-01,2024-01-01,P016,68,Medium,12.4,83.8,1.94,N
P016-2024-02,2024-02-01,P016,64,Medium,12.0,78.9,2.07,N
P016-2024-03,2024-03-01,P016,76,High,14.9,88.9,1.88,N
P016-2024-04,2024-04-01,P016,60,Medium,15.4,78.5,1.17,N
P016-2024-05,2024-05-01,P016,73,Medium,17.5,81.6,1.91,N
P016-2024-06,2024-06-01,P016,48,Medium,10.5,77.2,1.11,N
P016-2024-07,2024-07-01,P016,66,Medium,14.6,85.1,1.56,N
P016-2024-08,2024-08-01,P016,58,Medium,14.9,77.8,1.58,N
P016-2024-09,2024-09-01,P016,53,Medium,8.2,76.9,1.39,N
P016-2024-10,2024-10-01,P016,59,Medium,16.5,78.7,1.35,N
P016-2024-11,2024-11-01,P016,56,Medium,16.3,80.0,1.69,N
P016-2024-12,2024-12-01,P016,51,Medium,14.6,77.1,1.4,N
P016-2025-01,2025-01-01,P016,63,Medium,11.6,81.6,1.98,N
P016-2025-02,2025-02-01,P016,63,Medium,11.3,83.9,1.93,N
P016-2025-03,2025-03-01,P016,64,Medium,14.1,79.4,2.02,N
P016-2025-04,2025-04-01,P016,58,Medium,12.6,80.3,1.81,N
P016-2025-05,2025-05-01,P016,58,Medium,8.2,85.5,1.26,N
P016-2025-06,2025-06-01,P016,65,Medium,17.4,80.1,2.1,N
P016-2025-07,2025-07-01,P016,61,Medium,16.7,81.1,1.55,N
P016-2025-08,2025-08-01,P016,63,Medium,14.6,82.8,1.65,N
P016-2025-09,2025-09-01,P016,63,Medium,20.6,75.0,1.42,N
P016-2025-10,2025-10-01,P016,53,Medium,10.7,78.2,1.65,N
P016-2025-11,2025-11-01,P016,60,Medium,12.7,85.8,1.35,N
P016-2025-12,2025-12-01,P016,55,Medium,12.7,80.8,1.21,N
P017-2024-01,2024-01-01,P017,42,Low,11.8,69.9,1.27,N
P017-2024-02,2024-02-01,P017,47,Medium,8.7,69.9,1.72,N
P017-2024-03,2024-03-01,P017,33,Low,9.9,65.7,1.62,N
P017-2024-04,2024-04-01,P017,39,Low,9.5,68.1,1.38,N
P017-2024-05,2024-05-01,P017,31,Low,6.7,64.0,0.85,N
P017-2024-06,2024-06-01,P017,50,Medium,11.3,74.0,1.67,N
P017-2024-07,2024-07-01,P017,42,Low,7.7,74.0,1.38,N
P017-2024-08,2024-08-01,P017,40,Low,6.6,62.6,1.72,N
P017-2024-09,2024-09-01,P017,45,Medium,10.7,75.6,1.3,N
P017-2024-10,2024-10-01,P017,46,Medium,8.9,78.2,1.42,N
P017-2024-11,2024-11-01,P017,50,Medium,8.0,71.2,1.25,N
P017-2024-12,2024-12-01,P017,53,Medium,12.4,73.3,1.58,N
P017-2025-01,2025-01-01,P017,47,Medium,8.5,66.6,1.1,N
P017-2025-02,2025-02-01,P017,51,Medium,15.3,71.8,1.33,N
P017-2025-03,2025-03-01,P017,53,Medium,11.0,77.9,1.59,N
P017-2025-04,2025-04-01,P017,44,Low,12.8,70.7,1.11,N
P017-2025-05,2025-05-01,P017,43,Low,10.3,64.4,1.32,N
P017-2025-06,2025-06-01,P017,35,Low,8.3,66.4,1.32,N
P017-2025-07,2025-07-01,P017,40,Low,11.0,71.2,1.14,N
P017-2025-08,2025-08-01,P017,57,Medium,12.6,78.4,1.81,N
P017-2025-09,2025-09-01,P017,36,Low,6.3,76.9,1.39,N
P017-2025-10,2025-10-01,P017,51,Medium,8.7,78.2,1.6,N
P017-2025-11,2025-11-01,P017,28,Low,6.8,58.4,1.12,N
P017-2025-12,2025-12-01,P017,35,Low,5.4,61.2,1.6,N
P018-2024-01,2024-01-01,P018,59,Medium,13.9,80.6,1.36,N
P018-2024-02,2024-02-01,P018,53,Medium,12.8,76.3,1.64,N
P018-2024-03,2024-03-01,P018,58,Medium,10.6,79.4,1.52,N
P018-2024-04,2024-04-01,P018,54,Medium,10.3,77.0,1.94,N
P018-2024-05,2024-05-01,P018,61,Medium,12.6,81.3,1.57,N
P018-2024-06,2024-06-01,P018,60,Medium,12.7,81.3,1.58,N
P018-2024-07,2024-07-01,P018,71,Medium,17.9,85.8,1.84,N
P018-2024-08,2024-08-01,P018,60,Medium,15.7,73.0,1.47,N
P018-2024-09,2024-09-01,P018,60,Medium,12.5,80.3,1.19,N
P018-2024-10,2024-10-01,P018,66,Medium,13.3,85.8,1.92,N
P018-2024-11,2024-11-01,P018,54,Medium,12.4,77.3,2.22,N
P018-2024-12,2024-12-01,P018,48,Medium,10.1,76.4,1.52,N
P018-2025-01,2025-01-01,P018,60,Medium,12.8,81.2,2.13,N
P018-2025-02,2025-02-01,P018,46,Medium,9.1,76.3,1.14,N
P018-2025-03,2025-03-01,P018,69,Medium,16.7,77.7,1.24,N
P018-2025-04,2025-04-01,P018,51,Medium,12.9,77.4,1.49,N
P018-2025-05,2025-05-01,P018,67,Medium,11.5,84.3,1.93,N
P018-2025-06,2025-06-01,P018,62,Medium,9.6,72.2,1.65,N
P018-2025-07,2025-07-01,P018,55,Medium,11.8,76.3,1.44,N
P018-2025-08,2025-08-01,P018,48,Medium,10.3,67.2,1.53,N
P018-2025-09,2025-09-01,P018,70,Medium,17.0,89.9,1.77,N
P018-2025-10,2025-10-01,P018,54,Medium,11.0,78.6,1.02,N
P018-2025-11,2025-11-01,P018,54,Medium,16.1,76.4,1.39,N
P018-2025-12,2025-12-01,P018,67,Medium,14.6,78.9,2.06,N
